{
    "X": [
        1, 2, 3, 4, 7, 11, 16, 24, 36, 54, 81, 121, 181, 270, 403, 602, 898,
        1340, 2000
    ],
    "Y": [
        [
            0.004610776901245117, 0.0047359466552734375, 0.0029087066650390625,
            0.0030896663665771484, 0.002161741256713867
        ],
        [
            0.005854129791259766, 0.006566286087036133, 0.004908084869384766,
            0.005009889602661133, 0.004251241683959961
        ],
        [
            0.005528688430786133, 0.006322145462036133, 0.0077631473541259766,
            0.007353067398071289, 0.0065500736236572266
        ],
        [
            0.01063990592956543, 0.009790658950805664, 0.007971048355102539,
            0.008282899856567383, 0.00937342643737793
        ],
        [
            0.011966466903686523, 0.012612581253051758, 0.011451482772827148,
            0.015766143798828125, 0.012384891510009766
        ],
        [
            0.020628690719604492, 0.016963720321655273, 0.015035152435302734,
            0.01613593101501465, 0.015854835510253906
        ],
        [
            0.022878170013427734, 0.023561477661132812, 0.0282135009765625,
            0.025352954864501953, 0.026407241821289062
        ],
        [
            0.036971092224121094, 0.03328132629394531, 0.03548479080200195,
            0.03798842430114746, 0.036598920822143555
        ],
        [
            0.05156350135803223, 0.056908369064331055, 0.060671329498291016,
            0.058472633361816406, 0.06049227714538574
        ],
        [
            0.08916378021240234, 0.09116649627685547, 0.09105563163757324,
            0.09414434432983398, 0.08520889282226562
        ],
        [
            0.1293041706085205, 0.14032936096191406, 0.12858963012695312,
            0.12494945526123047, 0.12366080284118652
        ],
        [
            0.1800227165222168, 0.1788318157196045, 0.1676182746887207,
            0.16176915168762207, 0.16385102272033691
        ],
        [
            0.26645517349243164, 0.25946903228759766, 0.24064397811889648,
            0.2410898208618164, 0.24266910552978516
        ],
        [
            0.3492245674133301, 0.2934560775756836, 0.2976982593536377,
            0.33919191360473633, 0.3198554515838623
        ],
        [
            0.46106863021850586, 0.45456695556640625, 0.45693230628967285,
            0.4708573818206787, 0.46832871437072754
        ],
        [
            0.641995906829834, 0.6212348937988281, 0.6397244930267334,
            0.6402232646942139, 0.5914602279663086
        ],
        [
            0.8445262908935547, 0.8008677959442139, 0.9266529083251953,
            0.8774368762969971, 0.882239818572998
        ],
        [
            1.212028980255127, 1.2524957656860352, 1.187612533569336,
            1.1463334560394287, 1.2720184326171875
        ],
        [
            1.7190988063812256, 1.6522648334503174, 1.6761186122894287,
            1.6499156951904297, 1.5904977321624756
        ]
    ],
    "Y_mean": [
        0.0035013675689697264, 0.0053179264068603516, 0.006703424453735352,
        0.009211587905883788, 0.012836313247680664, 0.01692366600036621,
        0.025282669067382812, 0.03606491088867188, 0.05762162208557129,
        0.09014782905578614, 0.12936668395996093, 0.1704185962677002,
        0.25006542205810545, 0.31988525390625, 0.46235079765319825,
        0.6269277572631836, 0.8663447380065918, 1.214097833633423,
        1.6575791358947753
    ],
    "Y_std": [
        0.001007007256226674, 0.0008058025834136631, 0.0007866312288422263,
        0.0009801027733980327, 0.0015173748881105462, 0.0019523432601870978,
        0.0019289113618510588, 0.001605684749924056, 0.0033309203709989544,
        0.0029392300357551113, 0.005879744830281784, 0.007600119764828496,
        0.010780374375213455, 0.022019570398843512, 0.0063196465423225184,
        0.01927656828515969, 0.04189520044470035, 0.04500435338284983,
        0.04174989078391779
    ],
    "Y_avg_time": [
        0.0035013675689697264, 0.0026589632034301758, 0.002234474817911784,
        0.002302896976470947, 0.0018337590353829521, 0.0015385150909423828,
        0.0015801668167114257, 0.0015027046203613282, 0.0016006006134880915,
        0.0016694042417738173, 0.001597119555061246, 0.001408418150972729,
        0.0013815769174480965, 0.0011847601996527778, 0.001147272450752353,
        0.0010414082346564511, 0.0009647491514550021, 0.0009060431594279276,
        0.0008287895679473877
    ]
}
