{"X": [1, 2, 3, 4, 7, 11, 16, 24, 36, 54, 81, 121, 181, 270, 403, 602, 898, 1340, 2000], "Y": [[0.011425256729125977, 0.0015559196472167969, 0.001300811767578125, 0.0018033981323242188, 0.00200653076171875], [0.0030601024627685547, 0.0038576126098632812, 0.001959562301635742, 0.0029463768005371094, 0.0012118816375732422], [0.0033979415893554688, 0.002527475357055664, 0.002757549285888672, 0.0022575855255126953, 0.0018680095672607422], [0.0029420852661132812, 0.0032291412353515625, 0.003746509552001953, 0.0034492015838623047, 0.004002571105957031], [0.006936550140380859, 0.006439208984375, 0.008150100708007812, 0.006037712097167969, 0.004761457443237305], [0.008202314376831055, 0.010265588760375977, 0.009471416473388672, 0.018230438232421875, 0.010013341903686523], [0.013885974884033203, 0.013085603713989258, 0.012854337692260742, 0.014014244079589844, 0.013730764389038086], [0.021987199783325195, 0.02562570571899414, 0.020298480987548828, 0.019133329391479492, 0.02606487274169922], [0.03107428550720215, 0.03470659255981445, 0.03324699401855469, 0.029669523239135742, 0.03072834014892578], [0.04783964157104492, 0.03933286666870117, 0.045119285583496094, 0.05585646629333496, 0.04913830757141113], [0.0650181770324707, 0.06784749031066895, 0.05917692184448242, 0.06310534477233887, 0.0642390251159668], [0.1028439998626709, 0.09676194190979004, 0.10132813453674316, 0.10263657569885254, 0.09604263305664062], [0.14617490768432617, 0.14878129959106445, 0.15219998359680176, 0.1479496955871582, 0.14645004272460938], [0.2392282485961914, 0.2506680488586426, 0.2126145362854004, 0.20164775848388672, 0.1987905502319336], [0.3123810291290283, 0.3161768913269043, 0.3238534927368164, 0.29035329818725586, 0.3446176052093506], [0.44583559036254883, 0.4321730136871338, 0.4230639934539795, 0.43428587913513184, 0.4395720958709717], [0.6438710689544678, 0.6215183734893799, 0.6055660247802734, 0.6086587905883789, 0.6302883625030518], [0.9718513488769531, 1.094087839126587, 0.9575824737548828, 1.077784776687622, 0.9679956436157227], [1.4438209533691406, 1.2919323444366455, 1.3903834819793701, 1.3077001571655273, 1.2627065181732178]], "Y_mean": [0.0036183834075927735, 0.002607107162475586, 0.0025617122650146485, 0.0034739017486572266, 0.006465005874633789, 0.011236619949340821, 0.013514184951782226, 0.022621917724609374, 0.03188514709472656, 0.047457313537597655, 0.06387739181518555, 0.09992265701293945, 0.14831118583679198, 0.22058982849121095, 0.3174764633178711, 0.4349861145019531, 0.6219805240631103, 1.0138604164123535, 1.3393086910247802], "Y_std": [0.003910611374948526, 0.0009219589053188138, 0.0005123514992756527, 0.0003734040390547988, 0.0011088030755679052, 0.003568634431895721, 0.00045918924659776856, 0.0027874057924555835, 0.0018286535729789733, 0.005384992002236734, 0.0028243344774264954, 0.002929835204036988, 0.002168039122779891, 0.020735022927584893, 0.017553498289621203, 0.007606355074705028, 0.014109104066633968, 0.059259276338154164, 0.06729481074457781], "Y_avg_time": [0.0036183834075927735, 0.001303553581237793, 0.0008539040883382161, 0.0008684754371643067, 0.000923572267804827, 0.0010215109044855292, 0.0008446365594863891, 0.0009425799051920573, 0.0008856985304090711, 0.0008788391395851418, 0.0007886097754961179, 0.0008258070827515657, 0.0008193988167778562, 0.0008169993647822628, 0.0007877827873892583, 0.0007225682965148723, 0.0006926286459500115, 0.0007566122510539951, 0.0006696543455123901]}