{
    "X": [
        1, 2, 3, 4, 7, 11, 16, 24, 36, 54, 81, 121, 181, 270, 403, 602, 898,
        1340, 2000
    ],
    "Y": [
        [
            0.7861878871917725, 0.7890615463256836, 0.5396754741668701,
            0.7526328563690186, 0.7458944320678711
        ],
        [
            1.5360124111175537, 1.3119878768920898, 1.5255484580993652,
            1.6437914371490479, 1.5634610652923584
        ],
        [
            1.8602194786071777, 2.59220552444458, 2.3713793754577637,
            2.493823528289795, 2.4028735160827637
        ],
        [
            2.9717066287994385, 3.2824721336364746, 3.152731418609619,
            3.1364266872406006, 3.0721704959869385
        ],
        [
            4.734105110168457, 5.8219335079193115, 5.518134355545044,
            5.025050163269043, 5.323867559432983
        ],
        [
            7.8775482177734375, 9.0033700466156, 8.62378215789795,
            8.33661413192749, 7.873350381851196
        ],
        [
            10.792787551879883, 13.446576356887817, 12.224054336547852,
            12.44433045387268, 11.676520586013794
        ],
        [
            15.641029834747314, 17.826557874679565, 18.17362117767334,
            16.329787731170654, 16.68844175338745
        ],
        [
            25.0625581741333, 26.127142190933228, 26.08438539505005,
            26.161357641220093, 25.949342727661133
        ],
        [
            36.36036777496338, 37.18795323371887, 37.02941012382507,
            32.13224768638611, 38.197306394577026
        ],
        [
            53.93587255477905, 54.415252685546875, 52.715614795684814,
            51.68235898017883, 53.81936764717102
        ],
        [
            64.82734656333923, 62.47030234336853, 71.39444065093994,
            70.05034923553467, 66.3675799369812
        ],
        [
            83.54007315635681, 91.60448241233826, 90.41576623916626,
            84.36852669715881, 85.3019471168518
        ],
        [
            98.3654272556305, 102.02062225341797, 102.46192479133606,
            95.13297200202942, 95.11721205711365
        ],
        [
            112.02016377449036, 111.87722539901733, 108.61178016662598,
            108.3330864906311, 109.3535475730896
        ],
        [
            118.48919916152954, 118.30171227455139, 114.83762693405151,
            111.74697089195251, 113.23385691642761
        ],
        [
            116.48744630813599, 116.44467616081238, 116.40429091453552,
            115.33052849769592, 114.98985075950623
        ],
        [
            115.96974539756775, 116.77013850212097, 116.44624090194702,
            116.75638365745544, 117.09626317024231
        ],
        [
            118.06217575073242, 119.206134557724, 119.11033916473389,
            119.42387652397156, 119.05365371704102
        ]
    ],
    "Y_mean": [
        0.7226904392242431, 1.516160249710083, 2.344100284576416,
        3.1231014728546143, 5.284618139266968, 8.342932987213135,
        12.116853857040406, 16.931887674331666, 25.87695722579956,
        36.18145704269409, 53.313693332672116, 67.02200374603271,
        87.04615912437438, 98.61963167190552, 110.03916068077088,
        115.32187323570251, 115.93135852813721, 116.6077543258667,
        118.97123594284058
    ],
    "Y_std": [
        0.09313055440570546, 0.11017775796708432, 0.25389459847919027,
        0.10194985605984008, 0.37821112490488135, 0.4363906738058437,
        0.8756642919423355, 0.9413225887767687, 0.413518569039788,
        2.1082605664939527, 0.9874407537367431, 3.2939902010054065,
        3.305667650059268, 3.1880499383802867, 1.59505641114254,
        2.693905255031589, 0.6393476764728534, 0.37953713089365115,
        0.47171891708552705
    ],
    "Y_avg_time": [
        0.7226904392242431, 0.7580801248550415, 0.7813667615254719,
        0.7807753682136536, 0.7549454484667096, 0.7584484533830124,
        0.7573033660650254, 0.7054953197638194, 0.7188043673833211,
        0.6700269822721128, 0.6581937448478039, 0.553900857405229,
        0.4809180062120132, 0.36525789508113155, 0.2730500265031535,
        0.1915645734812334, 0.12909950838322629, 0.0870207121834826,
        0.05948561797142029
    ]
}
